{"cameraMode":{"drawMode":0,"name":"Shaded","section":"Shading Mode"},"sceneLighting":false,"audioPlay":false,"sceneViewState":{"showFog":true,"showMaterialUpdate":false,"showSkybox":false,"showFlares":true,"showImageEffects":true,"showParticleSystems":true},"in2DMode":false,"pivot":{"x":50.33453369140625,"y":5.043988227844238,"z":39.259578704833987},"rotation":{"x":0.2845258414745331,"y":-0.04886528104543686,"z":0.014523414894938469,"w":0.9573118686676025},"size":9.628885269165039,"orthographic":false}