{"cameraMode":{"drawMode":0,"name":"Shaded","section":"Shading Mode"},"sceneLighting":true,"audioPlay":false,"sceneViewState":{"showFog":true,"showMaterialUpdate":false,"showSkybox":true,"showFlares":true,"showImageEffects":true,"showParticleSystems":true},"in2DMode":false,"pivot":{"x":56.098384857177737,"y":54.61793518066406,"z":-23.154251098632814},"rotation":{"x":0.29397517442703249,"y":-0.07121807336807251,"z":0.02146099880337715,"w":0.9529786109924316},"size":62.13619613647461,"orthographic":true}