{"cameraMode":{"drawMode":0,"name":"Shaded","section":"Shading Mode"},"sceneLighting":true,"audioPlay":false,"sceneViewState":{"showFog":true,"showMaterialUpdate":false,"showSkybox":true,"showFlares":true,"showImageEffects":true,"showParticleSystems":true},"in2DMode":false,"pivot":{"x":33.142913818359378,"y":66.67298889160156,"z":-8.678947448730469},"rotation":{"x":0.46670612692832949,"y":-0.059351418167352679,"z":0.030874554067850114,"w":0.8819502592086792},"size":24.874557495117189,"orthographic":true}